,N,t_train,t_pred,t_add,tree_height,num_leaves,mse,nll
0,1,0.03498554229736328,0.0019986629486083984,0.023999929428100586,0,1,601.6512118518808,1329232.3937922493
1,5001,1.2500033378601074,0.010012149810791016,0.009988784790039062,21,105,503.3072645574808,2045509.1353183526
2,10001,2.3815574645996094,0.0030088424682617188,0.011011362075805664,29,210,601.6386258848148,1329204.6735777957
3,15001,3.538012742996216,0.006000995635986328,0.009017467498779297,28,304,490.23518011947243,151650.08955538264
4,20001,4.50698709487915,0.006003618240356445,0.012002706527709961,31,381,601.6060650544536,1329114.1086582474
5,25001,5.932324647903442,0.009999990463256836,0.009999513626098633,29,505,493.83998298725237,20111.664840005862
6,30001,7.311348915100098,0.019066810607910156,0.03493523597717285,36,583,920.4862373831861,103239812.42093877
7,35001,8.921842575073242,0.004003047943115234,0.009999752044677734,35,683,433.0392462966758,48399798.98630902
8,40001,8.947137594223022,0.008047103881835938,0.01000356674194336,36,783,594.6113213552136,390557.15012426215
