,N,t_train,t_pred,t_add,tree_height,num_leaves,mse,nll
0,1,0.002000570297241211,6.748494418129864e-07,0.002009868621826172,0,1,601.6512118518808,1329232.3937922493
1,10001,0.8950011730194092,7.776968611521944e-05,0.0030410289764404297,28,200,385.610149265825,826720.2033287789
2,20001,1.5450060367584229,0.00013531093035796756,0.005005359649658203,30,379,261.7941927200943,550376.4039804719
3,30001,2.4299981594085693,0.0002020686683989182,0.004998207092285156,31,589,135.02239514160496,268492.1639375935
4,40001,3.243964672088623,0.00026522708437527986,0.005010843276977539,33,779,44.7995890781394,72848.74579134372
